date,new_cases,new_deaths,icu_patients,hosp_patients,new_tests,new_vaccinations
12/14/2020,217153,2440,25560,109689,1495092,4827
12/15/2020,181275,2037,25812,110996,1946701,47800
12/16/2020,198204,1955,25972,111997,2078178,159997
12/17/2020,198650,2758,25894,112445,2053475,274980
12/18/2020,240266,3389,25950,112114,2022937,420715
12/19/2020,246505,3338,25801,111037,1712286,184067
12/20/2020,235875,2949,26057,112401,1277375,107052
12/21/2020,202289,2727,26431,114649,1529579,386714
12/22/2020,186429,2090,26730,117528,1988864,451024
12/23/2020,183553,2129,26928,118106,2281252,577841
12/24/2020,197759,2891,26714,116274,1892296,197792
12/25/2020,226200,3238,26559,113496,1078263,12810
12/26/2020,202550,3021,26734,115521,994670,143433
12/27/2020,161342,2237,27063,118988,950263,96811
12/28/2020,147119,1650,27519,121425,1310231,597045
12/29/2020,154342,1903,27782,122665,1887954,728796
12/30/2020,176774,2180,27697,123922,2193039,848393
12/31/2020,208904,3351,27748,123347,1925018,426266
1/1/2021,235818,3763,27471,121053,1256463,134428
1/2/2021,229492,3754,27614,122668,1119070,268644
1/3/2021,228546,3049,28006,125595,1052326,141283
1/4/2021,225318,2384,28266,127427,1409827,665063
1/5/2021,205458,2044,28528,128859,1974693,839977
1/6/2021,174314,2029,28608,129800,2340145,1029876
1/7/2021,242441,3496,28491,128814,2262956,1176989
1/8/2021,257750,3855,28365,127888,2153279,1244006
1/9/2021,269765,3978,28187,126420,1720578,512062
1/10/2021,292105,3711,28370,126533,1170635,252835
1/11/2021,256294,3411,28739,127641,1532022,1078066
1/12/2021,224484,2555,28891,127090,2038465,1265195
1/13/2021,204122,2534,28727,126556,2119448,1334115
1/14/2021,217776,3600,28527,133263,2091637,1325007
1/15/2021,226378,4066,28422,123785,2051185,1267807
1/16/2021,223583,3762,28120,121134,1598624,651418
1/17/2021,237318,3384,27891,120830,1077937,302347
1/18/2021,209511,3549,27831,120422,1296443,891201
1/19/2021,186583,2600,27584,119384,1818812,1353012
1/20/2021,154205,2250,26998,117115,2144966,1614044
1/21/2021,150233,2738,26517,114097,2069101,1646576
1/22/2021,188266,3826,26006,111831,1939367,1646011
1/23/2021,187644,3853,25364,108122,1555838,912881
1/24/2021,189419,3679,25121,107004,1009167,403544
1/25/2021,165512,3073,25003,106268,1243609,1383830
1/26/2021,141554,2477,24897,104627,1795052,1669897
1/27/2021,135591,2037,24353,102636,2078955,1937029
1/28/2021,145943,3576,23786,100050,1920156,1969066
1/29/2021,158965,3950,23121,96109,1857729,1923837
1/30/2021,156822,3870,22708,92546,1448747,1021061
1/31/2021,164238,3266,22503,91436,952131,463308
2/1/2021,138823,2827,22230,90582,1038973,1415574
2/2/2021,111938,2291,21767,89004,1641847,1711235
2/3/2021,129043,2229,21403,87279,1880127,2152216
2/4/2021,121330,2947,20872,84602,1940461,2355209
2/5/2021,108669,3280,20354,82137,1840036,2366284
2/6/2021,122620,3127,19863,79111,1339279,1306208
2/7/2021,124827,3399,19377,77864,832015,443124
2/8/2021,110180,2803,19328,76870,1050833,1585757
2/9/2021,92931,1771,18929,75626,1702272,1980623
2/10/2021,80726,1668,18313,72845,1650095,2316746
2/11/2021,91417,2470,17714,70107,1425452,2420044
2/12/2021,98339,2813,17334,67536,1420178,2603441
2/13/2021,99548,3252,16865,64759,1105793,1477459
2/14/2021,97431,5061,16350,63297,666277,591004
2/15/2021,85221,3316,16227,62214,804406,1197630
2/16/2021,67413,1572,15921,61504,1257842,1625080
2/17/2021,58066,1387,15579,62245,1478588,1972982
2/18/2021,56871,1407,15024,58308,1421213,1862122
2/19/2021,63770,2181,14492,56738,1360559,1970205
2/20/2021,68568,2247,14109,54401,1062088,1310520
2/21/2021,73576,2322,13724,53614,685939,601245
2/22/2021,65510,1839,13671,53026,1046296,1468800
2/23/2021,56628,1525,13354,51984,1652105,1945395
2/24/2021,55821,1487,12891,50956,1698083,2534454
2/25/2021,70162,1718,12464,49045,1619506,2944808
2/26/2021,72358,1975,12165,47227,1484532,3120264
2/27/2021,71998,2850,11716,45334,1079056,1994872
2/28/2021,73274,1966,11552,44872,636377,856081
3/1/2021,68298,1634,11362,43721,1001190,2092932
3/2/2021,52570,1026,11040,42650,1619773,2472804
3/3/2021,51114,1323,10744,42153,1747119,2914639
3/4/2021,53761,1128,10556,40175,1561736,3208258
3/5/2021,66043,1896,10323,39581,1439062,3239925
3/6/2021,64859,1515,10029,38206,1069884,2067389
3/7/2021,64094,1924,9848,37769,612397,932973
3/8/2021,57710,1277,9790,37687,983512,2172832
3/9/2021,43758,895,9612,37040,1548198,2722383
3/10/2021,42703,802,9455,36661,1623947,3143737
3/11/2021,54088,1201,9242,35914,1507440,3466821
3/12/2021,61755,1576,9120,35647,1405092,3451059
3/13/2021,59764,1317,8907,34983,1028405,2200934
3/14/2021,64222,1491,8775,34412,580891,985361
3/15/2021,52274,958,8787,34701,954448,2280924
3/16/2021,47230,651,8736,34577,1505118,2892096
3/17/2021,43532,693,8682,34595,1623642,3174664
3/18/2021,51806,853,8521,34104,1480244,3400255
3/19/2021,59588,1075,8422,34035,1349255,3318329
3/20/2021,63099,956,8241,33214,991729,2163431
3/21/2021,62022,1078,8127,33283,615497,1027144
3/22/2021,58456,718,8347,33742,979485,2355606
3/23/2021,45228,553,8379,33996,1535947,3058247
3/24/2021,48228,938,8488,34367,1663481,3552042
3/25/2021,57684,753,8338,34362,1452746,3822737
3/26/2021,68021,1126,8329,34634,1378836,3810632
3/27/2021,65367,981,8201,33946,1001041,2474915
3/28/2021,74834,1042,8359,34464,624619,1211358
3/29/2021,63203,851,8439,35027,1012298,2832722
3/30/2021,53256,618,8572,35418,1536744,3591219
3/31/2021,58014,548,8502,35567,1585780,4170583
4/1/2021,61789,729,8470,35571,1447288,4576209
4/2/2021,69567,948,8466,35607,1347899,3644526
4/3/2021,73685,816,8541,35195,972528,2306786
4/4/2021,70446,842,8606,35675,565221,764902
4/5/2021,63695,708,8849,36624,951736,3101630
4/6/2021,45722,532,9012,37551,1555863,3972976
4/7/2021,56400,362,9024,37748,1670398,4358365
4/8/2021,63657,749,9194,37953,1519384,4501274
4/9/2021,74627,821,9145,37856,1453824,4314525
4/10/2021,75434,867,9130,37546,1012634,2893460
4/11/2021,76415,864,9245,38089,645675,1401780
4/12/2021,68111,740,9452,38927,1057190,3025287
4/13/2021,53239,468,9536,39201,1614442,3483909
4/14/2021,60435,533,9581,39469,1677285,3706936
4/15/2021,72206,751,9476,39188,1486017,3758618
4/16/2021,70654,782,9530,39406,1457318,3613898
4/17/2021,71498,794,9551,39012,1009009,2369352
4/18/2021,71074,807,9632,39460,613233,1136155
4/19/2021,77212,627,9828,40212,1020697,2590971
4/20/2021,49337,499,9918,40206,1571575,3237898
4/21/2021,35281,463,9916,40046,1656011,3490099
4/22/2021,57318,746,9842,39201,1498558,3508472
4/23/2021,63049,767,9705,38562,1412186,3310775
4/24/2021,61479,784,9572,37357,995672,2215031
4/25/2021,62419,835,9546,37133,590769,995791
4/26/2021,51698,654,9759,37540,999611,2400124
4/27/2021,40847,435,9665,37207,1575316,2906413
4/28/2021,30199,467,9535,36881,1581606,3099599
4/29/2021,50313,546,9371,35989,1422330,3061801
4/30/2021,54396,832,9242,35364,1316420,2924073
5/1/2021,55643,753,9105,34005,905273,1870611
5/2/2021,55311,806,9075,33764,523020,882148
5/3/2021,48352,616,9209,33964,897890,1971918
5/4/2021,36593,500,9180,33755,1423827,2509996
5/5/2021,32953,470,8951,33339,1532197,2562841
5/6/2021,42552,674,8833,32505,1311495,2534254
5/7/2021,44541,714,8646,31832,1179260,2521825
5/8/2021,42692,671,8468,30635,853463,1542774
5/9/2021,44641,806,8359,30154,485271,617116
5/10/2021,37021,609,8341,29987,860803,1611707
5/11/2021,27538,408,8298,29482,1337090,2056602
5/12/2021,24383,395,8114,29113,1345783,2025974
5/13/2021,33073,598,7917,28174,1196360,2287565
5/14/2021,35784,679,7628,27422,1087337,2463059
5/15/2021,40435,583,7409,26184,788706,1855320
5/16/2021,35116,701,7270,25646,454576,936450
5/17/2021,29837,442,7299,25563,798919,1831342
5/18/2021,21375,437,7163,25023,1215395,2082624
5/19/2021,19453,362,7056,24925,1181316,2097114
5/20/2021,27639,610,6841,23954,1009421,2028444
5/21/2021,27491,583,6664,23397,986733,2071710
5/22/2021,27948,541,6472,22643,710170,1454898
5/23/2021,27866,649,6412,22445,409150,660195
5/24/2021,22224,409,6419,22431,713161,1328097
5/25/2021,16030,287,6311,22087,1074752,1445875
5/26/2021,14761,555,6138,21598,1051765,1444829
5/27/2021,24571,518,6000,21056,928543,1357095
5/28/2021,23475,517,5778,20398,839535,1341536
5/29/2021,21970,545,5606,19474,580022,770736
5/30/2021,24780,703,5525,19062,360333,386963
5/31/2021,15628,301,5542,18678,316451,204230
6/1/2021,12350,254,5489,18657,709780,1286708
6/2/2021,9408,232,5322,18083,1110518,1125928
6/3/2021,8935,332,5175,17634,989558,1256457
6/4/2021,16048,492,4995,16970,870163,1415716
6/5/2021,18151,478,4768,16298,617069,1079479
6/6/2021,18592,586,4677,15987,368902,520567
6/7/2021,14734,394,4685,15742,644859,1080725
6/8/2021,11084,423,4608,15630,886154,1182368
6/9/2021,9898,322,4478,15262,867847,1173741
6/10/2021,14314,313,4383,14838,785045,1176429
6/11/2021,19640,387,4300,14421,764585,1240276
6/12/2021,15924,382,4186,13940,557593,898429
6/13/2021,13971,403,4049,13957,345635,395581
6/14/2021,12350,208,4068,13929,598005,919604
6/15/2021,8721,152,3939,13722,832178,984740
6/16/2021,8275,199,3879,13494,793291,950562
6/17/2021,12616,316,3806,13094,725388,899269
6/18/2021,13220,336,3739,12855,693999,927914
6/19/2021,13484,279,3673,12483,496987,577274
6/20/2021,11961,272,3663,12503,333442,278264
6/21/2021,12350,251,3708,12593,571046,565219
6/22/2021,9047,223,3744,12539,782706,759675
6/23/2021,8568,266,3700,12609,764641,740356
6/24/2021,13288,308,3636,12397,694855,703159
6/25/2021,13841,326,3617,12408,673576,770960
6/26/2021,15572,315,3562,12238,492767,501488
6/27/2021,14971,412,3525,12233,339027,268722
6/28/2021,13294,242,3617,12510,552805,557440
6/29/2021,10676,173,3676,12662,697791,631568
6/30/2021,10438,183,3673,12877,678281,635885
7/1/2021,15514,282,3614,12863,642637,616688
7/2/2021,11639,244,4027,13234,600066,623476
7/3/2021,18586,289,3753,12916,446885,358647
7/4/2021,16890,304,3777,13121,260390,50928
7/5/2021,13189,152,3883,13433,307144,398782
7/6/2021,10459,125,3980,13974,591839,586703
7/7/2021,9147,103,4132,14664,778406,573661
7/8/2021,19962,301,4297,15074,725498,568630
7/9/2021,22636,250,4369,15409,665708,634397
7/10/2021,183538,262,4442,15710,488166,402127
7/11/2021,27579,316,4637,16396,342163,217370
7/12/2021,20875,149,4883,17330,588459,523083
7/13/2021,16722,119,5072,18204,739434,529426
7/14/2021,28892,295,5255,19085,759866,534707
7/15/2021,34978,337,5474,19915,768654,544014
7/16/2021,38299,342,5785,20874,725414,625119
7/17/2021,40555,319,5994,21595,526525,400934
7/18/2021,42258,370,6272,22564,397013,234369
7/19/2021,32139,183,6717,24261,659433,569027
7/20/2021,27993,146,7115,25700,901377,604327
7/21/2021,45195,284,7408,27055,928496,633933
7/22/2021,51040,320,7687,28605,916712,653641
7/23/2021,61313,399,8097,30295,881685,749224
7/24/2021,71708,338,8419,31469,654174,464597
7/25/2021,69639,414,8867,33406,492079,261099
7/26/2021,53795,254,9448,35748,785262,645777
7/27/2021,43206,249,9994,38296,1035755,704157
7/28/2021,71245,411,10376,40473,1107746,723536
7/29/2021,85805,499,10919,42200,1110805,723969
7/30/2021,89149,494,11463,44541,1049178,840994
7/31/2021,99367,495,12109,46428,766133,519339
8/1/2021,104519,525,12698,48538,568449,338922
8/2/2021,80567,395,13481,51780,967453,725266
8/3/2021,61188,370,14052,54470,1266552,767544
8/4/2021,102409,656,14632,56945,1322689,783196
8/5/2021,110283,700,15193,59587,1382334,798874
8/6/2021,126833,741,15732,62122,1337969,915528
8/7/2021,127854,753,16164,63544,1006276,563468
8/8/2021,133922,838,16784,66369,716086,353685
8/9/2021,120252,648,17707,69838,1134023,789070
8/10/2021,96790,527,18264,72521,1440071,806278
8/11/2021,93050,720,19013,74823,1532919,775366
8/12/2021,135427,961,19537,76968,1533427,810467
8/13/2021,143479,612,20076,78580,1530968,954692
8/14/2021,151161,973,20401,79622,1129262,630075
8/15/2021,146305,1196,21077,81624,795488,402971
8/16/2021,139848,904,21673,84313,1281773,876471
8/17/2021,110712,679,22303,86744,1608743,930805
8/18/2021,108955,845,22693,88626,1706521,960232
8/19/2021,150448,1193,23034,89428,1653511,952160
8/20/2021,168162,1497,23399,90191,1546171,1115807
8/21/2021,174382,1381,23653,90417,1177444,672767
8/22/2021,167459,1556,24082,92239,840315,393905
8/23/2021,141824,1169,24559,94682,1323025,925437
8/24/2021,124481,899,25053,95992,1812961,955964
8/25/2021,120825,1205,25062,95976,1956837,972665
8/26/2021,162414,1655,25249,96370,1964454,995928
8/27/2021,176904,1658,25365,96192,1895469,1177356
8/28/2021,186271,1760,25435,95071,1438616,716669
8/29/2021,182171,1837,25781,96125,985069,433130
8/30/2021,150022,1460,25919,97200,1459537,937919
8/31/2021,115672,1183,25904,97821,1974876,943892
9/1/2021,138600,1243,25963,97992,2040871,954475
9/2/2021,176801,1807,26045,97811,1972663,901998
9/3/2021,197627,2015,25961,96835,1870533,1047725
9/4/2021,183417,2028,25609,95082,1363164,564426
9/5/2021,182112,1973,25630,95280,994174,369109
9/6/2021,141762,1490,25801,95910,825336,179572
9/7/2021,123082,1324,26099,96810,1407080,916343
9/8/2021,116004,1092,25998,96485,2047361,851648
9/9/2021,114676,1522,25925,95684,2071758,854703
9/10/2021,171241,2119,25747,94559,2070230,1042597
9/11/2021,183714,2246,25326,91979,1536343,604160
9/12/2021,172091,2292,25292,91541,988024,354332
9/13/2021,153543,1739,25514,92158,1494404,786571
9/14/2021,113838,1140,25218,90633,1892123,756307
9/15/2021,118971,1352,24877,89538,2131656,770655
9/16/2021,162147,2413,24734,88250,2018344,767445
9/17/2021,163128,2499,24435,86780,1923485,910654
9/18/2021,167335,2108,23978,84475,1397955,526507
9/19/2021,158492,2339,23779,83494,962932,312018
9/20/2021,122574,1589,23686,83675,1391491,703640
9/21/2021,94644,1194,23536,82358,1931957,683123
9/22/2021,98378,1368,23127,80843,2069730,670377
9/23/2021,132981,2345,22585,79242,2002182,680693
9/24/2021,132730,2350,22185,77387,1921589,990045
9/25/2021,138256,2073,21727,74807,1357531,675187
9/26/2021,132731,2465,21543,74161,880745,410991
9/27/2021,96166,1435,21256,73886,1233877,1033665
9/28/2021,75238,1019,20882,72525,1881823,1138546
9/29/2021,107319,1957,20400,70704,2020341,1146999
9/30/2021,115452,2155,19802,68918,1940768,1173173
10/1/2021,116797,2253,19272,67124,1832789,1348921
10/2/2021,124042,1962,18942,64834,1323949,633894
10/3/2021,120674,2211,18770,64381,805932,368322
10/4/2021,81968,1287,18674,64487,1278624,991514
10/5/2021,66639,942,18261,63508,1851739,1023998
10/6/2021,91816,1356,17911,62376,1985311,1040595
10/7/2021,101799,2055,17482,61095,1910434,1041446
10/8/2021,118223,2053,17010,59461,1793128,1168284
10/9/2021,113038,1738,17374,57940,1240908,538543
10/10/2021,108501,2253,17888,57496,728860,316890
10/11/2021,70589,1051,17902,57618,1159933,858614
10/12/2021,58449,1013,17755,56985,1665009,935968
10/13/2021,77961,1024,17534,55885,1867700,916555
10/14/2021,89638,1914,17069,54564,1885776,919584
10/15/2021,96312,1846,16724,53358,1722893,1064332
10/16/2021,96871,1576,16201,51837,1201912,495500
10/17/2021,92417,2038,16038,51504,701870,271287
10/18/2021,63002,892,16213,51723,1235924,838803
10/19/2021,47645,695,15980,50595,1725236,830736
10/20/2021,72322,2330,15678,49311,1891143,845794
10/21/2021,80595,1849,15312,48405,1847381,869116
10/22/2021,76534,1841,15078,47454,1624157,1389048
10/23/2021,87571,1523,14681,46398,1108680,832938
10/24/2021,80874,1961,14445,46114,636856,475279
10/25/2021,36114,654,14612,46380,1160718,1536938
10/26/2021,28057,347,14543,45821,1688460,1575470
10/27/2021,84460,1030,14398,45003,1809635,1634605
10/28/2021,101787,2052,14100,44195,1699401,1622517
10/29/2021,84199,1765,12455,43513,1562616,1802986
10/30/2021,103121,1277,12152,42766,1060248,824812
10/31/2021,88448,1790,12092,42513,617070,440857
11/1/2021,34950,453,12108,42623,1061722,1503761
11/2/2021,25347,302,11947,42291,1649184,1516705
11/3/2021,117847,1196,11766,41982,1903268,1584628
11/4/2021,74593,1450,11555,41357,1762772,1658286
11/5/2021,78766,1188,11341,40945,1599565,1937617
11/6/2021,88850,1204,11231,40176,1123158,1050507
11/7/2021,89858,1614,11210,40472,837990,563439
11/8/2021,35987,476,11332,41349,1254836,1482237
11/9/2021,31524,256,11356,41731,1874193,1657246
11/10/2021,116391,1161,11289,41806,1835070,1795052
11/11/2021,82883,1587,11280,41718,1737473,1616252
11/12/2021,93749,1345,11271,41633,1495151,2010918
11/13/2021,73647,970,11296,41372,1119447,1187438
11/14/2021,122999,1734,11264,41872,777700,584448
11/15/2021,69276,544,11534,43286,1263083,1569944
11/16/2021,33593,217,11600,44010,1860890,1701090
11/17/2021,133590,1080,11664,44366,1968988,1779602
11/18/2021,96915,1464,11792,45095,1898230,1807593
11/19/2021,105810,1442,11823,45157,1672030,2098267
11/20/2021,123870,3867,11785,44825,1144343,1245660
11/21/2021,113822,1662,11973,45373,763225,653136
11/22/2021,46194,374,12296,46834,1154537,1835964
11/23/2021,38751,177,12329,47703,1626358,1807930
11/24/2021,145378,1177,12448,47901,1660588,1401817
11/25/2021,101066,1560,12471,47297,756215,29395
11/26/2021,106535,1374,12654,48189,764599,1220309
11/27/2021,72723,465,12849,49069,906229,902870
11/28/2021,81747,563,13105,50165,819526,597822
11/29/2021,51800,214,13379,51813,1368784,1683266
11/30/2021,56537,193,13545,52644,1893848,1950465
12/1/2021,93479,1663,13671,53311,1970662,2206390
12/2/2021,120690,1622,13772,53587,2047338,2195813
12/3/2021,133075,1727,13888,54392,1937242,2477496
12/4/2021,143869,1244,13942,54572,1370251,1500763
12/5/2021,151567,1641,14149,55670,818558,738836
12/6/2021,67352,572,14455,57447,1295034,1853794
12/7/2021,55314,281,14771,58938,1948476,1932279
12/8/2021,184043,1288,14901,59721,2053146,1947946
12/9/2021,125548,1832,14992,60371,1916525,1946726
12/10/2021,129708,1480,15236,61162,1852575,2139156
12/11/2021,137431,1162,15326,60921,1304550,1269666
12/12/2021,135573,1971,15595,61722,810335,638282
12/13/2021,63967,490,15914,63084,1361115,1633754
12/14/2021,58109,306,15993,63244,1972370,1739951
12/15/2021,185683,1312,15896,63226,2123232,1740650
12/16/2021,125442,1908,15909,63105,2094633,1708405
12/17/2021,146477,1900,15941,63090,1995986,1959744
12/18/2021,162668,1115,15906,62004,1483232,1130614
12/19/2021,156763,2034,15983,62545,1040910,646190
12/20/2021,87584,590,16210,63764,1578182,1857995
12/21/2021,102213,286,16148,64086,2218970,1990305
12/22/2021,266159,1467,16251,65043,2420469,1883023
12/23/2021,203318,2259,16187,65661,2406280,1475873
12/24/2021,237883,1854,16240,65821,1787193,383548
12/25/2021,278812,3177,16356,66446,947337,6975
12/26/2021,241450,1368,16590,69732,968032,483125
12/27/2021,115824,262,17075,74692,1718188,1539915
12/28/2021,211284,266,17274,79671,2314739,1708896
12/29/2021,464495,1786,17830,85506,2344159,1691165
12/30/2021,389514,2331,18158,89961,2363780,1549070
12/31/2021,474309,1823,18382,93776,2017702,620243
1/1/2022,584647,1334,18863,96539,1260066,118530
1/2/2022,471965,1344,19606,102671,1346665,500300
1/3/2022,302957,430,20341,108761,2260395,1251728
1/4/2022,390858,374,21040,114846,2948453,1425856
1/5/2022,902391,1672,21529,121444,3201706,1463991
1/6/2022,732514,2840,22134,126976,3180906,1473079
1/7/2022,702790,1846,22862,131859,2916144,1661292
1/8/2022,798436,2088,23139,133576,2200197,1054930
1/9/2022,852951,2466,23789,137251,1657732,501301
1/10/2022,448743,869,24487,142248,2139299,1268690
1/11/2022,486541,699,25081,145834,2690654,1318357
1/12/2022,1265520,1962,25328,149670,2931705,1324307
1/13/2022,803539,3189,25558,151006,3023212,1303174
1/14/2022,855880,2480,25734,152033,2827437,1480906
1/15/2022,892303,2179,25802,149478,2065215,795622
1/16/2022,898407,3002,25867,149973,1374825,393749
1/17/2022,465957,1380,26077,150873,1737047,832005
1/18/2022,418737,873,26372,153220,2595265,1007977
1/19/2022,968465,1453,26458,154497,2959222,988679
1/20/2022,856293,2642,26283,152923,2794522,945456
1/21/2022,780466,3259,26023,150229,2478009,1092855
1/22/2022,776490,2901,25679,145668,1748873,626085
1/23/2022,776480,3800,25528,144757,1145237,334221
1/24/2022,328564,1218,25562,144760,1562060,804003
1/25/2022,314947,960,25311,143297,1945061,810626
1/26/2022,1011148,2784,25073,141674,2090558,800060
1/27/2022,493232,3530,24470,137503,2045471,797755
1/28/2022,545225,3409,24021,133318,1887026,964815
1/29/2022,572820,2898,23432,127041,1226022,474416
1/30/2022,523326,3604,23196,125816,763787,267198
1/31/2022,222172,1516,22909,124054,1247184,636268
2/1/2022,158214,925,22670,120533,1772758,622864
2/2/2022,576521,2779,21913,117164,1892140,578473
2/3/2022,296458,4076,21330,112628,1600726,526086
2/4/2022,303405,3218,20576,107664,1482899,662798
2/5/2022,350050,2715,19642,101670,1118504,442529
2/6/2022,281890,3425,19280,99064,632971,215390
2/7/2022,104762,1254,18979,97280,1251055,488738
2/8/2022,96578,714,18351,93609,1647523,507027
2/9/2022,305358,3301,17716,90113,1562114,517027
2/10/2022,197921,3804,17044,86034,1470496,514999
2/11/2022,196394,3005,16121,81494,1405626,630402
2/12/2022,165790,2579,15437,76807,887709,349900
2/13/2022,155309,2893,14886,74334,499705,154727
2/14/2022,67888,969,14391,72085,984801,345831
2/15/2022,47904,727,13814,68705,1579440,406579
2/16/2022,174293,2973,13145,65247,1641067,419234
2/17/2022,108080,3370,12545,61859,1520156,412526
2/18/2022,105714,2708,11927,58681,1367808,531750
2/19/2022,100475,2316,11237,54814,898982,284919
2/20/2022,103802,2309,10777,52974,459495,155751
2/21/2022,40797,716,10453,51320,716286,319945
2/22/2022,31174,588,10174,49428,1222936,357016
2/23/2022,48413,1100,9622,47022,1378191,347162
2/24/2022,115022,3252,9113,44380,1236642,333170
2/25/2022,73662,2611,8605,42035,1132354,398534
2/26/2022,75062,2488,7998,39278,703980,245355
2/27/2022,74142,2291,7595,37964,423505,124316
2/28/2022,25662,576,7358,36982,895604,319817
3/1/2022,18169,360,7148,35342,1277396,284371
3/2/2022,76237,2302,6797,33770,1245596,261686
3/3/2022,63819,1971,6488,31996,1208825,257709
3/4/2022,52784,1536,6039,29869,1069972,322581
3/5/2022,51622,1364,5681,27801,668454,183929
3/6/2022,44216,1569,5492,27011,355495,89957
3/7/2022,14292,322,5345,26401,793308,214233
3/8/2022,8941,367,4988,25188,1208911,217479
3/9/2022,57277,1530,4743,24175,1139611,216366
3/10/2022,31172,1735,4440,22841,1014754,216414
3/11/2022,46110,1957,4174,21501,1001283,262947
3/12/2022,39598,1258,3882,20232,633109,143500
3/13/2022,36942,1437,3777,19546,352023,74878
3/14/2022,12159,506,3681,19020,795472,198103
3/15/2022,9126,195,3504,18519,1225768,207716
3/16/2022,60969,,3453,17945,1198666,211135
3/17/2022,24495,1443,3296,17394,1106967,200832
3/18/2022,37828,1500,3129,16540,1010778,256267
3/19/2022,33159,1066,3040,15659,612968,146575
3/20/2022,31004,972,2937,15341,354700,76880
3/21/2022,9881,200,2869,15071,778352,191966
3/22/2022,10038,150,2738,14553,1145416,185489
3/23/2022,38828,789,2593,14170,1108108,195616
3/24/2022,24771,937,2499,13623,990837,191158
3/25/2022,45160,1244,2314,13100,971421,234876
3/26/2022,36077,895,2214,12574,628796,125094
3/27/2022,28714,776,2170,12203,336071,65123
3/28/2022,12511,180,2134,12094,706971,174775
3/29/2022,9753,95,2091,11810,1054119,199497
3/30/2022,32427,686,2026,11545,1057428,404798
3/31/2022,24078,732,1949,11294,953752,559072
4/1/2022,48239,1173,1862,10900,916164,666068
4/2/2022,40063,704,1802,10526,596843,347598
4/3/2022,27393,602,1794,10380,315955,210890
4/4/2022,11677,148,1764,10515,695601,563624
4/5/2022,10548,117,1713,10479,1075474,558964
4/6/2022,26930,322,1705,10418,998924,581418
4/7/2022,33374,524,1723,10402,940688,587398
4/8/2022,42256,944,1682,10218,916004,678831
4/9/2022,33806,523,1590,9875,593723,340598
4/10/2022,42601,889,1534,9866,316657,197891
4/11/2022,14053,141,1568,10090,682939,584387
4/12/2022,17314,69,1527,10138,964748,619473
4/13/2022,34571,323,1522,10163,916567,586999
4/14/2022,28789,733,1548,10199,822990,593752
4/15/2022,46149,603,1529,10298,708209,572554
4/16/2022,62708,710,1457,9958,458731,261763
4/17/2022,44355,544,1432,10152,268695,60311
4/18/2022,16817,49,1450,10413,564676,518364
4/19/2022,18767,57,1485,10676,807149,546160
4/20/2022,36003,366,1445,10919,825968,540891
4/21/2022,53418,427,1486,11101,775971,509673
4/22/2022,57408,547,1489,11205,762571,500646
4/23/2022,49509,655,1453,11236,503314,262519
4/24/2022,68799,342,1446,11460,290581,135235
4/25/2022,23458,72,1507,11920,742942,431129
4/26/2022,21103,61,1582,12352,1139599,460162
4/27/2022,49858,217,1584,12756,1088047,479302
4/28/2022,64414,384,1592,12926,1003854,483540
4/29/2022,77145,729,1623,13009,985731,515616
4/30/2022,61915,288,1580,12851,614377,244017
5/1/2022,80656,491,1576,13150,330914,135727
5/2/2022,25939,90,1663,13812,666460,395736
5/3/2022,26774,133,1692,14229,1014708,423836
5/4/2022,64100,180,1725,14555,1001316,421021
5/5/2022,72566,648,1736,14869,964416,415545
5/6/2022,100537,804,1727,14961,946060,458630
5/7/2022,80010,300,1774,15051,655648,208611
5/8/2022,95732,486,1740,15307,356300,91809
5/9/2022,27518,61,1785,15618,721756,392950
5/10/2022,31753,63,1830,16288,1108442,425476
5/11/2022,100982,189,1884,16772,1113239,427200
5/12/2022,100249,393,1872,17349,1023457,437293
5/13/2022,127795,566,1943,17840,950937,476361
5/14/2022,98705,262,1935,17906,695250,240576
5/15/2022,117953,432,1951,18359,378370,132282
5/16/2022,29099,79,2147,19377,777503,390074
5/17/2022,46227,66,2295,20075,1125933,413683
5/18/2022,123395,231,2278,20473,1145282,423661
5/19/2022,129614,368,2316,20650,1089190,444298
5/20/2022,146420,606,2301,20903,1059152,515990
5/21/2022,109730,252,2277,20623,729254,271688
5/22/2022,150010,479,2328,21051,415291,155145
5/23/2022,36406,97,2364,21887,779373,440459
5/24/2022,44879,67,2407,22040,1148599,431335
5/25/2022,110873,388,2425,22188,1123987,419088
5/26/2022,133342,471,2490,22392,1011065,406035
5/27/2022,153916,699,2559,22493,833741,450071
5/28/2022,113174,327,2429,22059,582970,202528
5/29/2022,148130,580,2416,22352,347594,113329
5/30/2022,36051,87,2513,22820,298741,32148
5/31/2022,35465,58,2548,23971,722776,378354
6/1/2022,55525,78,2650,24718,1068464,374855
6/2/2022,155982,366,2687,24902,1108080,362987
6/3/2022,140951,575,2719,24723,948606,404364
6/4/2022,111559,354,2667,24076,634948,193124
6/5/2022,140094,461,2600,24305,384629,107626
6/6/2022,47471,87,2736,24716,658412,321309
6/7/2022,43315,127,2809,24981,943386,320394
6/8/2022,99664,297,2844,25421,799750,324253
6/9/2022,152307,476,2885,25600,524308,314814
6/10/2022,144559,642,2783,25365,521945,349181
6/11/2022,105965,264,2836,24983,431764,163189
6/12/2022,147763,391,2856,25159,350945,87294
6/13/2022,37707,144,2889,25689,557233,270781
6/14/2022,38721,91,2999,26042,695355,280192
6/15/2022,91358,286,2994,26413,603464,285185
6/16/2022,138010,419,3043,26235,472612,282804
6/17/2022,143175,569,2996,26221,406474,300530
6/18/2022,97574,301,2925,25557,247426,132074
